{
	"id": "1251f645-bb6c-42dc-be16-a865701679be",
	"name": "Local.TTH_Inventory_Mngt.Env",
	"values": [
		{
			"key": "DomainUrl",
			"value": "",
			"type": "default",
			"enabled": true
		},
		{
			"key": "InstitutionCode",
			"value": "",
			"type": "default",
			"enabled": true
		},
		{
			"key": "GetListAllProductsAsyncUrl",
			"value": "",
			"type": "default",
			"enabled": true
		},
		{
			"key": "GetListProductsAsyncUrl",
			"value": "",
			"type": "default",
			"enabled": true
		},
		{
			"key": "SearchListProductsAsyncUrl",
			"value": "",
			"type": "default",
			"enabled": true
		},
		{
			"key": "RegisterProductsAsyncUrl",
			"value": "",
			"type": "default",
			"enabled": true
		},
		{
			"key": "SaveProductsAsyncUrl",
			"value": "",
			"type": "default",
			"enabled": true
		}
	],
	"_postman_variable_scope": "environment",
	"_postman_exported_at": "2025-09-26T02:46:16.149Z",
	"_postman_exported_using": "Postman/11.64.0"
}