{
	"info": {
		"_postman_id": "3aca6e4d-9651-447f-9378-4690229b0b61",
		"name": "TTH-Inventory-Management",
		"schema": "https://schema.getpostman.com/json/collection/v2.1.0/collection.json",
		"_exporter_id": "34814890"
	},
	"item": [
		{
			"name": "GetListAllProductsAsync",
			"item": [
				{
					"name": "Should returns list All Products in DB",
					"event": [
						{
							"listen": "test",
							"script": {
								"exec": [
									"pm.test(\"StatusCodeが200\", function () {\r",
									"    pm.response.to.have.status(200);\r",
									"    var jsonData = pm.response.json();\r",
									"    pm.expect(jsonData).to.not.be.null;\r",
									"});"
								],
								"type": "text/javascript",
								"packages": {},
								"requests": {}
							}
						}
					],
					"request": {
						"method": "GET",
						"header": [],
						"url": {
							"raw": "{{GetListAllProductsAsync}}",
							"host": [
								"{{GetListAllProductsAsync}}"
							]
						}
					},
					"response": []
				}
			]
		},
		{
			"name": "GetListProductsAsync",
			"item": []
		}
	]
}